{"cameraMode":{"drawMode":0,"name":"Shaded","section":"Shading Mode"},"sceneLighting":false,"audioPlay":false,"sceneViewState":{"showFog":true,"showMaterialUpdate":false,"showSkybox":false,"showFlares":true,"showImageEffects":true,"showParticleSystems":true},"in2DMode":false,"pivot":{"x":-3.4000000953674318,"y":13.119999885559082,"z":-28.600000381469728},"rotation":{"x":-0.0020123091526329519,"y":-0.8293829560279846,"z":-0.002987602027133107,"w":0.5586828589439392},"size":0.8660253882408142,"orthographic":true}