{"cameraMode":{"drawMode":0,"name":"Shaded","section":"Shading Mode"},"sceneLighting":false,"audioPlay":false,"sceneViewState":{"showFog":true,"showMaterialUpdate":false,"showSkybox":false,"showFlares":true,"showImageEffects":true,"showParticleSystems":true},"in2DMode":false,"pivot":{"x":101.31942749023438,"y":-5.5,"z":48.402278900146487},"rotation":{"x":0.19673511385917664,"y":0.24981248378753663,"z":-0.051913850009441379,"w":0.946685791015625},"size":0.1732032597064972,"orthographic":true}