{"cameraMode":{"drawMode":0,"name":"Shaded","section":"Shading Mode"},"sceneLighting":false,"audioPlay":false,"sceneViewState":{"showFog":true,"showMaterialUpdate":false,"showSkybox":false,"showFlares":true,"showImageEffects":true,"showParticleSystems":true},"in2DMode":false,"pivot":{"x":-0.3999999761581421,"y":12.659381866455079,"z":-17.91415023803711},"rotation":{"x":-0.09552191197872162,"y":-0.901958703994751,"z":0.26015278697013857,"w":-0.3311767876148224},"size":0.8660253882408142,"orthographic":false}